INSERT INTO category (id, name, description, image) VALUES
(1, 'Przekąski', 'Coś na ząb przed daniem głównym lub w sam raz na małą imprezę ze znajomymi', '/przystawki.jpg'),
(2, 'Sałatki', 'Zdrowe i pyszne. Zdadzą egzamin zarówno jako dodatek do innego dania, jak i danie główne na mniejszy głód.', '/salatka-gyros.jpg'),
(3, 'Zupy', 'Rozgrzewające, płynne danie', '/zupy.jpg'),
(4, 'Danie główne', 'Dla głodomorów', '/danie główne.jpg'),
(5, 'Desery', 'Ciasta, babeczki i torty. Każdy miłośnik słodkości znajdzie tu coś dla siebie', '/desery.jpg'),
(6, 'Koktajle', 'Zmiksowane owoce z mlekiem, kefirem lub jogurtem - to zdrowy sposób na ochłodę latem.', '/koktajle.jpg'),
(7, 'Przetwory', 'Lato i jesień to najlepszy czas na zrobienie domowych przetworów i zapasów na zimę.', '/kiszonki.webp'),
(8, 'Nalewki', 'Podczas produkcji domowych nalewek alkohol wyodrębnia i prawie w całości wydobywa aktywne substancje zawarte w ziołach i owocach, a także znakomicie je konserwuje. Ważna jest jego moc.', '/nalewki.jpg');

INSERT INTO recipe (id, name, description, preparation_time, portions, difficulty_level, likes_counter, category_id) VALUES
(1, 'Zupa z soczewicy', (CONCAT_WS(CHAR(10),
'1. W garnku na oleju zeszklić pokrojoną w kosteczkę cebulę. Dodać przeciśnięty przez praskę czosnek i mieszając smażyć jeszcze przez minutę. Dodać suchą soczewicę, przyprawy i wymieszać.','<br />',
'2. Wlać bulion i zagotować. Przykryć i gotować do miękkości soczewicy przez ok. 15 - 20 minut.','<br />',
'3. Dodać passatę pomidorową i gotować przez ok. 15 minut pod uchyloną pokrywą, od czasu do czasu zamieszać.','<br />',
'4. W międzyczasie doprawić solą, pieprzem, słodką papryką, kurkumą i zielem angielskim. Odstawić z ognia i wymieszać ze śmietanką oraz posiekaną zieleniną.','<br />',
'5. Podawać z łyżką jogurtu, pestkami dyni i natką pietruszki')), 60, 4, 'EASY', 1, 3),
(2, 'Hummus', (CONCAT_WS(CHAR(10),
'1. Soczewicę namaczać przez 12 godz. lub użyć soczewicy z puszki.', '<br />',
'2. Zblendować soczewicę na gładką masę.', '<br />',
'3. Dodać tahini, sok z cytryny, przeciśnięty przez praskę czosnek.', '<br />',
'4. Doprawić do smaku solą i pieprzem.')), 15, 4, 'EASY', 2, 1),
(3, 'Zupa pieczarkowa', (CONCAT_WS(CHAR(10),
'1. W garnku na maśle na wolnym ogniu zeszklić pokrojoną w kosteczkę cebulę. Dodać obraną i pokrojoną w kosteczkę marchewkę i mieszając co chwilę smażyć przez około 5 minut.', '<br />',
'2. Dodać obrane i pokrojone w kosteczkę ziemniaki i znów podsmażać przez ok. 5 minut. Wlać gorący bulion, dodać kurkumę, liść laurowy oraz ziela angielskie i zagotować. Sprawdzić doprawienie solą i pieprzem i gotować pod przykryciem przez około 10 minut.', '<br />',
'3. Dodać umyte i pokrojone na plasterki pieczarki i gotować przez ok. 5 minut. Odstawić z ognia, dodać posiekaną natkę oraz śmietankę. Podawać z pieczywem. Można posypać szczypiorkiem.')), 40, 10, 'MEDIUM', 3, 3),
(4, 'Sałatka grecka', (CONCAT_WS(CHAR(10),
'1. Pomidory pokroić na ćwiartki, usunąć szypułki, następnie pokroić na jeszcze mniejsze kawałki.', '<br />',
'2. Ogórki obrać (można pozostawić miejscami paseczki zielonej skórki), przekroić wzdłuż na pół a następnie na grubsze półplasterki.', '<br />',
'3. Cebulę cienko poszatkować. Oliwki przekroić na połówki.', '<br />',
'4. Wszystkie składniki umieścić w jednej większej salaterce lub w 4 mniejszych, doprawić świeżo zmielonym pieprzem.', '<br />',
'5. Na wierzchu położyć plasterki sera feta. Posypać suszonym oregano i polać oliwą. Można doprawić solą, ale ser feta jest już dość słony.')), 30, 5, 'VERY_EASY', 0, 2),
(5, 'Sałatka gyros', (CONCAT_WS(CHAR(10),
'1. Filety opłukać, osuszyć, oczyścić z błonek i kostek. Pokroić na małe paseczki lub w kostkę. Wymieszać z przyprawą gyros/kebab i odłożyć na ok. 1/2 godziny lub dłużej jeśli mamy czas.', '<br />',
'2. W międzyczasie przygotować warzywa. Czerwoną cebulę obrać, przekroić na 4 części, następnie na plasterki, oprószyć solą.', '<br />',
'3. Odciąć korzonki pora, zielone liście oraz zewnętrzną 1 - 2 warstwy. Przekroić wzdłuż na 4 części i opłukać. Posiekać na desce, włożyć na sitko i przelać wrzątkiem z czajnika, odsączyć.', '<br />',
'4. Ogórki konserwowe pokroić w kosteczkę, kukurydzę odcedzić na sitku z zalewy, paprykę pokroić w kosteczkę, kapustę pekińską opłukać, osuszyć i drobno poszatkować.', '<br />',
'5. Na większej patelni podgrzać olej, włożyć kurczaka i obsmażać na złoty kolor z każdej strony (w sumie ok. 10 minut). W trakcie smażenia doprawić mięso solą oraz pieprzem. Przełożyć na dno salaterki o średnicy 20 cm.', '<br />',
'6. Polać ketchupem, przykryć plasterkami czerwonej cebuli, następnie układać kolejne warstwy składników: ogórki, kukurydzę, pora, paprykę, majonez wymieszany ze śmietaną lub jogurtem, a na koniec przykryć posiekaną kapustą pekińską.')), 5, 1, 'VERY_EASY', 0, 2),
(6, 'Roladki schabowe ze szparagami', (CONCAT_WS(CHAR(10),
'1. Wystekowane lub rozbite mięso doprawić solą i pieprzem. Szparagi umyć, odłamać twarde końce (same złamią się w odpowiednim miejscu). Wrzucić na lekko osolony wrzątek i gotować przez ok. 2 - 3 minuty w zależności od grubości szparagów.', '<br />',
'2. Przyciąć równo końce i pokroić łodyżki na kawałki o długości odpowiadającej mniej więcej szerokości plastra mięsa (ok. 7 cm).', '<br />',
'3. Na plastrach mięsa kłaść po 1 plasterku sera, na środek położyć po ok. 5 kawałków szparagów i zawinąć roladkę.', '<br />',
'4. Rozgrzać 1/2 cm warstwę tłuszczu na patelni. Piekarnik nagrzać do 170 stopni C. Roladki obtoczyć w roztrzepanym jajku a następnie w bułce tartej.', '<br />',
'5. Obsmażyć na złoty kolor z każdej strony, następnie ułożyć w naczyniu żaroodpornym i piec przez 15 minut w 170 stopniach C.')), 60, 6, 'HARD', 0, 4),
(7, 'Bezglutenowe Muffiny Czekoladowe (bez cukru i bez laktozy)', CONCAT_WS(CHAR(10),
'1. Banany, jajka, kakao i sodę blendujesz na gładką masę. Na koniec dodajesz mąkę i dalej blendujesz.
Możesz dorzucić ulubione orzechy, wiórki kokosowe, rodzynki albo żurawinę.', '<br />',
'2. Ciasto przelej je do foremek na muffiny i piecz w nagrzanym do 180 stopni piekarniku przez 20 minut.'), 40, 10, 'EASY', 0, 5),
(8, 'Koktajl bananowo-ananasowy', 'Banana obrać, podzielić na części i wrzucić do blendera. Dodać ananasa. Następnie wlać pół szklanki mleko i zmiksować. Kiedy uzyskamy jednolitą masę dodać resztę mleka.', 15, 1, 'VERY_EASY', 0, 6),
(9, 'Koktajl truskawkowo-szpinakowy', 'Szpinak, truskawki i połowę szklanki mleka wrzucić do blendera. Po zmiksowaniu na gładką masę, dodać resztę mleka i miksować jeszcze chwilę', 15, 1, 'EASY', 0, 6),
(10, 'Pierogi ruskie', CONCAT_WS(CHAR(10),
'1. Usypać górkę z części mąki, wbić jajko, dodać trochę wody i siekać nożem stopniowo dodając resztę mąki. 15-20 minut wyrabiać ciasto. Podzielić je na 4 części. Rozwałkować 1 część i wykroić kółka. Potem rozwałkować pozostałe części', '<br />',
'2. Cebulę posiekać i przysmażyć na złoty kolor na maśle.', '<br />',
'3. Cebulę wymieszać z ugotowanymi ziemniakami.', '<br />',
'4. Kiedy masa wystygnie dodać ser biały. Przyprawić solą i pieprzem.', '<br />',
'5. Ulepić pierogi.'), 180, 10, 'MEDIUM', 10, 4),
(11, 'Chipsy buraczane', CONCAT_WS(CHAR(10),
'1. Piekarnik rozgrzej do temperatury 160 stopni Celsjusza. Włącz górną i dolną grzałkę oraz termoobieg. Dużą blachę wyłóż papierem do pieczenia albo posmaruj niewielką ilością oliwy.', '<br />',
'2. Buraki umyj, osusz i obierz. Następnie pokrój je na cienkie plasterki, na przykład za pomocą mandoliny. Im cieńsze, tym szybciej się upieką (ale też łatwiej przypalają).', '<br />',
'3. Pokrojone buraczki skrop oliwą i posyp przyprawami(pieprz, rozmaryn, sól).', '<br />',
'4. Plasterki buraków ułóż na blasze wyłożonej papierem do pieczenia lub posmarowanej oliwą. Piecz przez około 10-15 minut - w zależności od grubości plasterków. Następnie przewróć plasterki na drugą stronę i piecz przez kolejne 10-15 minut.'), 40, 3, 'EASY', 0, 1),
(12, 'Pieczone jabłka', CONCAT_WS(CHAR(10),
'1. Jabłka obrać, pokroić na ćwiartki i wyciąć gniazda nasienne. Pokroić na plasterki i włożyć do dużego garnka.', '<br />',
'2. Dodać sok z cytryny i rodzynki jeśli ich używamy i smażyć przez ok. 15 - 20 minut aż jabłka zmiękną i zaczną się rozpadać, w międzyczasie od czasu do czasu zamieszać.', '<br />',
'3. Dodać cynamon, cukier wanilinowy i cukier do smaku (np. 3 łyżki). Wymieszać i gotować jeszcze przez 1 - 2 minuty. Odstawić z ognia i przestudzić.', '<br />',
'4. Jabłka są już gotowe do użycia. Można je zawekować na dłużej. Przełożyć do suchych, gorących słoików i od razu zakręcić. Pasteryzować w lekko gotującej się wodzie przez ok. 15 minut.'), 60, 10, 'MEDIUM', 0, 7),
(13, 'Nalewka z wiśni', CONCAT_WS(CHAR(10),
'1. Całe 1,5 kilograma oczyszczonych wiśni przełóż do dużego i czystego słoja, np. 3,8 l.', '<br />',
'2. Do słoika z wiśniami w pierwszej kolejności wlej 500 ml wódki a dopiero po wódce wlej też 500 ml spirytusu. Słoik z wiśniami i alkoholem zakołysz i zamknij. Słoik odstaw w ciemne, ale ciepłe miejsce w domu.', '<br />',
'3. Wiśnie niedrylowane należy macerować w alkoholu do 2 tygodni. Każdego dnia zakołysz słojem i odkręć go na chwilę, by po kilku sekundach zamknąć słoik ponownie.', '<br />',
'4. Po dziesięciu (maksymalnie 14) dniach maceracji, czystą nalewkę przelej do mniejszego słoja. Słoik zakręć i odstaw obok słoja z samymi wiśniami. Do dużego słoja z wiśniami wlej pozostałe 500 ml wódki. Wsyp też 400 gramów cukru.', '<br />',
'5. Całość możesz zamieszać lub tylko zakołysać słojem. Słoik zakręć i odstaw w ciemne, ale ciepłe miejsce w domu. Proces rozpuszczania się cukru będzie trwał minimum cztery dni. Każdego dnia dokładnie zakołysz słojem i tak jak wcześniej otwórz go na chwilę. Drugi etap trwa minimum cztery dni.', '<br />',
'6. Sok oraz owoce przecedź przez sitko do słoika z wcześniej zlaną nalewką wiśniową. Słoik z nalewką zostaw na kilka dni w ciepłym, ale ciemnym miejscu a następnie przefiltrowuj nalewkę z fragmentów owoców oraz innych zanieczyszczeń.', '<br />',
'7. Bardzo dobre do filtrowania nalewek są jednorazowe filtry przelewowe do kawy. Sama gaza może nie być wystarczająca, chyba, że użyjesz kilku warstw gazy/tetry. Można też użyć czystych ściereczek muślinowych złożonych na pół', '<br />',
'8. Po prawidłowym i dokładnym przefiltrowaniu Twoja wiśniówka będzie idealnie klarowna. Możesz ją przelać do kilku mniejszych butelek lub słoików. Nalewka z wiśni powinna leżakować np. w kuchennym schowku lub piwniczce minimum miesiąc (chociaż zalecam poczekać dwa miesiące).'), 60, 20, 'HARD', 0, 8);

INSERT INTO ingredient (id, name, value, unit, recipe_id) VALUES
(1, 'Mąka', 500, 'G', 1),
(2, 'Soczewica', 300, 'G', 2),
(3, 'Tahini', 200, 'G', 2),
(4, 'Czosnek', 10, 'G', 2),
(5, 'Cytryna', 1, 'SZT', 2),
(6, 'Sałata lodowa', 1, 'SZT', 4),
(7, 'Ser feta', 250, 'G', 4),
(8, 'Czarne oliwki', 10, 'SZT', 4),
(9, 'Oliwa z oliwek', 60, 'ML', 4),
(10, 'Pomidory', 2, 'SZT', 4),
(11, 'Ogórki gruntowe', 4, 'SZT', 4),
(12, 'Czerwona cebula', 0.5, 'SZT', 4),
(13, 'Oregano', 10, 'G', 4),
(14, 'Cebula', 1, 'SZT', 3),
(15, 'Masło', 40, 'G', 3),
(16, 'Marchewka', 1, 'SZT', 3),
(17, 'Ziemniaki', 500, 'G', 3),
(18, 'Bulion', 1.5, 'L', 3),
(19, 'Pieczarki', 300, 'G', 3),
(20, 'Natka pietruszki', 15, 'G', 3),
(21, 'Śmietanka 18 %', 80, 'ML', 3),
(22, 'Kurkuma', 5, 'G', 3),
(23, 'Liść laurowy', 1, 'SZT', 3),
(24, 'Ziele angielskie', 2, 'SZT', 3),
(25, 'Cebula', 1, 'SZT', 1),
(26, 'Włoszczyzna', 300, 'G', 1),
(27, 'Passata pomidorowa', 400, 'ML', 1),
(28, 'Czerwona soczewica', 250, 'G', 1),
(29, 'Czosnek', 10, 'G', 1),
(30, 'Natka pietruszki', 15, 'G', 1),
(31, 'Olej rzepakowy', 20, 'ML', 1),
(32, 'Pestki dyni', 40, 'G', 1),
(33, 'Pierś z kurczaka', 3, 'SZT', 5),
(34, 'Przyprawa gyros', 20, 'G', 5),
(35, 'Czerwona cebula', 1, 'SZT', 5),
(36, 'Por', 1, 'SZT', 5),
(37, 'Słoik ogórków konserwowych', 1, 'SZT', 5),
(38, 'Kukurydza konserwowa', 1, 'SZT', 5),
(39, 'Papryka czerwona', 1, 'SZT', 5),
(40, 'Kapusta pekińska', 0.5, 'SZT', 5),
(41, 'Ketchup', 50, 'G', 5),
(42, 'Olej rzepakowy', 20, 'ML', 5),
(43, 'Majonez', 50, 'G', 5),
(44, 'Śmietana lub jogurt', 20, 'G', 5),
(45, 'Schab bez kości pokrojony na 6 plastrów', 750, 'G', 6),
(46, 'Ser mozzarella', 200, 'G', 6),
(47, 'Pęczek szparagów', 1, 'SZT', 6),
(48, 'Jajko', 1, 'SZT', 6),
(49, 'Bułka tarta', 200, 'G', 6),
(50, 'Jajka', 4, 'SZT', 7),
(51, 'Banany', 4, 'SZT', 7),
(52, 'Mąka kokosowa', 70, 'G', 7),
(53, 'Ciemne kakao', 20, 'G', 7),
(54, 'Soda oczyszczona', 5, 'G', 7),
(55, 'Banan', 1, 'SZT', 8),
(56, 'Ananas z puszki(plastry', 3, 'SZT', 8),
(57, 'Mleko', 250, 'ML', 8),
(58, 'Szpinak', 50, 'G', 9),
(59, 'Truskawki', 100, 'G', 9),
(60, 'Mleko', 200, 'ML', 9),
(61, 'Mąka', 1, 'KG', 10),
(62, 'Jajko', 1, 'SZT', 10),
(63, 'Olej', 20, 'ML', 10),
(64, 'Ziemniaki', 3, 'KG', 10),
(65, 'Ser biały', 900, 'G', 10),
(66, 'Cebula', 6, 'SZT', 10),
(67, 'Masło', 200, 'G', 10),
(68, 'Buraki', 4, 'SZT', 11),
(69, 'Oliwa z oliwek', 10, 'ML', 11),
(70, 'Jabłka', 2, 'KG', 12),
(71, 'Cytryna', 0.5, 'SZT', 12),
(72, 'Cynamon w proszku', 20, 'G', 12),
(73, 'Cukier wanilinowy', 20, 'G', 12),
(74, 'Wiśnie niedrylowane', 1.5, 'KG', 13),
(75, 'Spirytus rektyfikowany 95 %', 500, 'ML', 13),
(76, 'Wódka 40 lub 45 %', 1000, 'ML', 13),
(77, 'Cukier', 400, 'G', 13);